[{"model": "personaggi.tabella", "pk": 1, "fields": {"nome": "Fuoco", "descrizione": "Fuoco"}}, {"model": "personaggi.tabella", "pk": 2, "fields": {"nome": "Forza", "descrizione": "FO"}}, {"model": "personaggi.tabella", "pk": 3, "fields": {"nome": "Punti Vita", "descrizione": ""}}, {"model": "personaggi.tabella", "pk": 4, "fields": {"nome": "Aura Magica", "descrizione": ""}}, {"model": "personaggi.tabella", "pk": 6, "fields": {"nome": "Robustezza", "descrizione": ""}}, {"model": "personaggi.tabella", "pk": 7, "fields": {"nome": "Destrezza", "descrizione": ""}}, {"model": "personaggi.tabella", "pk": 8, "fields": {"nome": "Precisione", "descrizione": ""}}, {"model": "personaggi.tabella", "pk": 9, "fields": {"nome": "Disciplina", "descrizione": ""}}, {"model": "personaggi.tabella", "pk": 10, "fields": {"nome": "Istinto", "descrizione": ""}}, {"model": "personaggi.tabella", "pk": 11, "fields": {"nome": "Deduzione", "descrizione": ""}}, {"model": "personaggi.tabella", "pk": 12, "fields": {"nome": "Volontà", "descrizione": ""}}, {"model": "personaggi.tabella", "pk": 13, "fields": {"nome": "Empatia", "descrizione": ""}}, {"model": "personaggi.tabella", "pk": 14, "fields": {"nome": "Comprensione", "descrizione": ""}}, {"model": "personaggi.tabella", "pk": 15, "fields": {"nome": "Aura sacra", "descrizione": ""}}, {"model": "personaggi.tabella", "pk": 16, "fields": {"nome": "Aura arcana", "descrizione": ""}}, {"model": "personaggi.tabella", "pk": 17, "fields": {"nome": "Aura psionica", "descrizione": ""}}, {"model": "personaggi.tabella", "pk": 18, "fields": {"nome": "Aura mondana", "descrizione": ""}}, {"model": "personaggi.tabella", "pk": 19, "fields": {"nome": "Sangue", "descrizione": "Apocalisse"}}, {"model": "personaggi.tabella", "pk": 20, "fields": {"nome": "Terra", "descrizione": ""}}, {"model": "personaggi.tabella", "pk": 21, "fields": {"nome": "Cristallo", "descrizione": "Gelo"}}, {"model": "personaggi.tabella", "pk": 22, "fields": {"nome": "Acqua", "descrizione": ""}}, {"model": "personaggi.tabella", "pk": 23, "fields": {"nome": "Luce", "descrizione": ""}}, {"model": "personaggi.tabella", "pk": 24, "fields": {"nome": "Mente", "descrizione": "Vento"}}, {"model": "personaggi.tabella", "pk": 25, "fields": {"nome": "Spirito", "descrizione": "Genesi"}}, {"model": "personaggi.tabella", "pk": 26, "fields": {"nome": "Ombra", "descrizione": ""}}, {"model": "personaggi.tabella", "pk": 27, "fields": {"nome": "Corpo", "descrizione": "Tempo\r\nZap"}}, {"model": "personaggi.tabella", "pk": 28, "fields": {"nome": "Aura Marziale", "descrizione": ""}}, {"model": "personaggi.tabella", "pk": 29, "fields": {"nome": "Aura Innata", "descrizione": ""}}, {"model": "personaggi.tabella", "pk": 30, "fields": {"nome": "Aura Tecnologica", "descrizione": ""}}, {"model": "personaggi.tabella", "pk": 31, "fields": {"nome": "Empatia", "descrizione": "<h4 class=\"\">Diffusione di effetti&nbsp;</h4><p>Per ogni punto di empatia posseduto gli effetti di abilità attivate a singolo bersaglio possono estendersi ad un ulteriore bersaglio.</p><p>Il potenziale dell’elemento <b>Cosmo </b>è pari al valore della caratteristica.</p>"}}, {"model": "personaggi.tabella", "pk": 32, "fields": {"nome": "Forza", "descrizione": "<h4 class=\"\">Danni in mischia aumentati</h4><p>Per ogni punto di forza posseduto gli attacchi in mischia infliggono un danno addizionale.</p><p>Il potenziale dell’elemento <b>Vuoto&nbsp;</b>è pari al valore della caratteristica.</p>"}}, {"model": "personaggi.tabella", "pk": 33, "fields": {"nome": "Destrezza", "descrizione": "<h4 class=\"\">Sconto con le abilità attivate</h4><p> Per ogni punto di destrezza posseduto,i requisiti di cast di abilitá attivate si riducono di 2 secondi o di un colpo, fino ad un minimo della metà del numero originario richiesto.</p><p>Il potenziale dell’elemento <b>Fuoco </b>è pari al valore della caratteristica.</p>"}}, {"model": "personaggi.tabella", "pk": 34, "fields": {"nome": "Robustezza", "descrizione": "<h4 class=\"\">Sviluppo straordinario</h4><p>Il personaggio possiede un punto vita addizionale per locazione per ogni punto robustezza posseduto.</p><p>Il potenziale dell’elemento <b>Terra </b>è pari al valore della caratteristica.</p>"}}, {"model": "personaggi.tabella", "pk": 35, "fields": {"nome": "Precisione", "descrizione": "<h4 class=\"\">Danni a distanza aumentati</h4><p>Per ogni punto di precisione posseduto gli attacchi a distanza infliggono un danno addizionale.</p><p>Il potenziale dell’elemento <b>Cristallo </b>è pari al valore della caratteristica.</p>"}}, {"model": "personaggi.tabella", "pk": 36, "fields": {"nome": "Disciplina", "descrizione": "<h4 class=\"\">Riduzione durata effetti negativi continui </h4><p>\r\nPer ogni punto disciplina posseduto, la durata di effetti continui negativi subiti si riduce di 2 secondi.</p><p><span style=\"background-color: transparent; color: rgb(0, 0, 0); font-family: Arial, sans-serif; font-size: 11pt; white-space-collapse: preserve;\">Il potenziale dell’elemento </span><b style=\"background-color: transparent; color: rgb(0, 0, 0); font-family: Arial, sans-serif; font-size: 11pt; white-space-collapse: preserve;\">Acqua </b><span style=\"background-color: transparent; color: rgb(0, 0, 0); font-family: Arial, sans-serif; font-size: 11pt; white-space-collapse: preserve;\">è pari al valore della caratteristica.</span></p>"}}, {"model": "personaggi.tabella", "pk": 37, "fields": {"nome": "Istinto", "descrizione": "<h4 class=\"\">Fortuna:</h4><p>Per ogni punto istinto posseduto il personaggio riceve un punto fortuna. Esso potrà essere speso per annullare (entro pochi secondi) un avvenimento catastrofico per il personaggio. I cartellini fortuna non si rigenerano normalmente, ma un’azione eroica e altruistica potrebbe farlo.<br><i><font color=\"#0000ff\" style=\"\"><b>Fortuna! Effetto: annullo [</b>descrizione dell’effetto annullato<b>]!</b></font><b>&nbsp;</b></i></p><p>Il potenziale dell’elemento <b>Luce </b>è pari al valore della caratteristica.</p>"}}, {"model": "personaggi.tabella", "pk": 38, "fields": {"nome": "Volontà", "descrizione": "<h4 class=\"\">Chakra addizionale&nbsp;</h4><p>Per ogni punto volontà posseduto il personaggio ottiene un chakra addizionale. </p><p>Il potenziale dell’elemento <b>Vento&nbsp;</b>è pari al valore della caratteristica.</p>"}}, {"model": "personaggi.tabella", "pk": 39, "fields": {"nome": "Deduzione", "descrizione": "<h4 class=\"\">Deduzione universale</h4><p>Per ogni punto di deduzione posseduto il personaggio ottiene un cartellino “conoscenza cosmica”. Esso potrà essere utilizzato per porre una domanda NON SU PERSONE SPECIFICHE a cui un master risponderà con una parola. Il cartellino non si ricarica normalmente ma solo con un'impresa specifica.</p><p>Il potenziale dell’elemento <b>Ombra </b>è pari al valore della caratteristica.</p><div><br></div>"}}, {"model": "personaggi.tabella", "pk": 40, "fields": {"nome": "Comprensione", "descrizione": "<h4 class=\"\">Apprendimento rapido&nbsp;</h4><p>I costi per l’acquisto di abilità attivate si riducono del 5% del costo originario per punto comprensione posseduto al momento dell'acquisto.</p><p>Il potenziale dell’elemento <b>Fulmine </b>è pari al valore della caratteristica.</p><div><br></div>"}}, {"model": "personaggi.tier", "pk": 31, "fields": {"tipo": "T1"}}, {"model": "personaggi.tier", "pk": 32, "fields": {"tipo": "T1"}}, {"model": "personaggi.tier", "pk": 33, "fields": {"tipo": "T1"}}, {"model": "personaggi.tier", "pk": 34, "fields": {"tipo": "T1"}}, {"model": "personaggi.tier", "pk": 35, "fields": {"tipo": "T1"}}, {"model": "personaggi.tier", "pk": 36, "fields": {"tipo": "T1"}}, {"model": "personaggi.tier", "pk": 37, "fields": {"tipo": "T1"}}, {"model": "personaggi.tier", "pk": 38, "fields": {"tipo": "T1"}}, {"model": "personaggi.tier", "pk": 39, "fields": {"tipo": "T1"}}, {"model": "personaggi.tier", "pk": 40, "fields": {"tipo": "T1"}}, {"model": "personaggi.punteggio", "pk": 1, "fields": {"sigla": "FUO", "tipo": "EL", "caratteristica": 7}}, {"model": "personaggi.punteggio", "pk": 2, "fields": {"sigla": "FOR", "tipo": "CA", "caratteristica": null}}, {"model": "personaggi.punteggio", "pk": 3, "fields": {"sigla": "PuV", "tipo": "ST", "caratteristica": null}}, {"model": "personaggi.punteggio", "pk": 4, "fields": {"sigla": "AMA", "tipo": "AU", "caratteristica": 11}}, {"model": "personaggi.punteggio", "pk": 6, "fields": {"sigla": "Rob", "tipo": "CA", "caratteristica": null}}, {"model": "personaggi.punteggio", "pk": 7, "fields": {"sigla": "Dex", "tipo": "CA", "caratteristica": null}}, {"model": "personaggi.punteggio", "pk": 8, "fields": {"sigla": "Pre", "tipo": "CA", "caratteristica": null}}, {"model": "personaggi.punteggio", "pk": 9, "fields": {"sigla": "Dis", "tipo": "CA", "caratteristica": null}}, {"model": "personaggi.punteggio", "pk": 10, "fields": {"sigla": "Ist", "tipo": "CA", "caratteristica": null}}, {"model": "personaggi.punteggio", "pk": 11, "fields": {"sigla": "Ded", "tipo": "CA", "caratteristica": null}}, {"model": "personaggi.punteggio", "pk": 12, "fields": {"sigla": "Vol", "tipo": "CA", "caratteristica": null}}, {"model": "personaggi.punteggio", "pk": 13, "fields": {"sigla": "Emp", "tipo": "CA", "caratteristica": null}}, {"model": "personaggi.punteggio", "pk": 14, "fields": {"sigla": "Com", "tipo": "CA", "caratteristica": null}}, {"model": "personaggi.punteggio", "pk": 15, "fields": {"sigla": "ASA", "tipo": "AU", "caratteristica": null}}, {"model": "personaggi.punteggio", "pk": 16, "fields": {"sigla": "AAR", "tipo": "AU", "caratteristica": 13}}, {"model": "personaggi.punteggio", "pk": 17, "fields": {"sigla": "APS", "tipo": "AU", "caratteristica": 12}}, {"model": "personaggi.punteggio", "pk": 18, "fields": {"sigla": "AMO", "tipo": "AU", "caratteristica": null}}, {"model": "personaggi.punteggio", "pk": 19, "fields": {"sigla": "SAN", "tipo": "EL", "caratteristica": 2}}, {"model": "personaggi.punteggio", "pk": 20, "fields": {"sigla": "TER", "tipo": "EL", "caratteristica": 6}}, {"model": "personaggi.punteggio", "pk": 21, "fields": {"sigla": "CRI", "tipo": "EL", "caratteristica": 8}}, {"model": "personaggi.punteggio", "pk": 22, "fields": {"sigla": "ACQ", "tipo": "EL", "caratteristica": 9}}, {"model": "personaggi.punteggio", "pk": 23, "fields": {"sigla": "LUC", "tipo": "EL", "caratteristica": 10}}, {"model": "personaggi.punteggio", "pk": 24, "fields": {"sigla": "MEN", "tipo": "EL", "caratteristica": 12}}, {"model": "personaggi.punteggio", "pk": 25, "fields": {"sigla": "SPI", "tipo": "EL", "caratteristica": 13}}, {"model": "personaggi.punteggio", "pk": 26, "fields": {"sigla": "OMB", "tipo": "EL", "caratteristica": 11}}, {"model": "personaggi.punteggio", "pk": 27, "fields": {"sigla": "COR", "tipo": "EL", "caratteristica": 14}}, {"model": "personaggi.punteggio", "pk": 28, "fields": {"sigla": "AMZ", "tipo": "AU", "caratteristica": 9}}, {"model": "personaggi.punteggio", "pk": 29, "fields": {"sigla": "AIN", "tipo": "AU", "caratteristica": 6}}, {"model": "personaggi.punteggio", "pk": 30, "fields": {"sigla": "ATE", "tipo": "AU", "caratteristica": 14}}, {"model": "personaggi.abilita", "pk": 1, "fields": {"nome": "maestria: fuoco", "descrizione": "sei bravo con il fuocxo", "caratteristica": 2}}, {"model": "personaggi.abilita", "pk": 4, "fields": {"nome": "Aura Arcana II", "descrizione": "Permette la creazione e  l'utilizzo di abilità attivate di aura arcana di livello 2.", "caratteristica": 13}}, {"model": "personaggi.abilita", "pk": 5, "fields": {"nome": "Aura Arcana I", "descrizione": "Permette la creazione e  l'utilizzo di abilità attivate di aura arcana di livello 1.", "caratteristica": 13}}, {"model": "personaggi.abilita", "pk": 6, "fields": {"nome": "Aura mondana: Fabbro I", "descrizione": "Permette di creare armi, armature e scudi di aura mondana di livello 1.", "caratteristica": 2}}, {"model": "personaggi.abilita", "pk": 7, "fields": {"nome": "Aura Mondana: Fabbro II", "descrizione": "Permette di creare armi, armature e scudi di aura mondana di livello 2.", "caratteristica": 2}}, {"model": "personaggi.abilita", "pk": 8, "fields": {"nome": "Uso Armatura I", "descrizione": "Permette di indossare ed utilizzare armature non metalliche.", "caratteristica": 2}}, {"model": "personaggi.abilita", "pk": 9, "fields": {"nome": "Uso Armatura II", "descrizione": "Permette di indossare ed utilizzare armature metalliche.", "caratteristica": 2}}, {"model": "personaggi.abilita", "pk": 10, "fields": {"nome": "Forza Straordinaria I", "descrizione": "Permette di spostare oggetti pesanti e di utilizzare un oggetto ingombrante (armi pesanti, etc..).", "caratteristica": 2}}, {"model": "personaggi.abilita", "pk": 11, "fields": {"nome": "Forza Straordinaria II", "descrizione": "Permette di utilizzare un oggetto ingombrante addizionale.\r\nPermette di utilizzare un’arma pesante con una sola mano.", "caratteristica": 2}}, {"model": "personaggi.abilita", "pk": 12, "fields": {"nome": "Aura Mondana: Artigiano I", "descrizione": "Permette di creare oggetti non da combattimento di aura mondana di livello 1", "caratteristica": 7}}, {"model": "personaggi.abilita", "pk": 13, "fields": {"nome": "Aura Mondana: Artigiano II", "descrizione": "Permette di creare oggetti non da combattimento di aura mondana di livello 2", "caratteristica": 7}}, {"model": "personaggi.abilita", "pk": 14, "fields": {"nome": "Schivata I", "descrizione": "<p>Consumando un chakra il personaggio può sottrarsi ad un colpo di rango pari o inferiore a N portato con un’arma in mischia; in alternativa il personaggio annulla una manovra di livello N; N è pari o inferiore al proprio rango di Punti Vita (normalmente 1)<br><i style=\"color: rgb(0, 0, 255);\"><b>Schivata rango N! no!</b></i></p>", "caratteristica": 7}}, {"model": "personaggi.abilita", "pk": 15, "fields": {"nome": "Schivata II", "descrizione": "<p>Consumando un chakra per rango dell’attacco, il personaggio può sottrarsi ad un colpo di qualunque rango portato con un’arma in mischia.<br><i style=\"color: rgb(0, 0, 255);\"><b>Schivata rango N! no!</b></i></p>", "caratteristica": 7}}, {"model": "personaggi.abilita", "pk": 16, "fields": {"nome": "Ambidestria I", "descrizione": "Permette di utilizzare un’arma ad una mano con qualunque mano libera. \r\nEntrambe le mani contano come la mano principale. \r\nPermette di combattere con due armi.", "caratteristica": 7}}, {"model": "personaggi.abilita", "pk": 17, "fields": {"nome": "Ambidestria II", "descrizione": "Avere una mano libera soddisfa il requisito di avere entrambe le mani libere. \r\nPermette l’uso di armi esotiche (armi che richiedono abilità eccezionali e che hanno funzionalità speciali)", "caratteristica": 7}}, {"model": "personaggi.abilita", "pk": 18, "fields": {"nome": "Aura Innata I", "descrizione": "Il personaggio possiede tutte le abilità di un archetipo, purché lo rappresenti adeguatamente.", "caratteristica": 6}}, {"model": "personaggi.abilita", "pk": 19, "fields": {"nome": "Aura Innata II", "descrizione": "Il personaggio possiede tutte le abilità di una razza, purché la rappresenti adeguatamente.", "caratteristica": 6}}, {"model": "personaggi.abilita", "pk": 20, "fields": {"nome": "Uso Scudo I", "descrizione": "Il personaggio può usare con efficacia uno scudo normale per parare i colpi di rango pari o inferiore senza che venga infranto.", "caratteristica": 6}}, {"model": "personaggi.abilita", "pk": 21, "fields": {"nome": "Uso Scudo II", "descrizione": "Il personaggio può utilizzare gli scudi speciali dotati di funzioni particolari (scudo a torre, buckler…)", "caratteristica": 6}}, {"model": "personaggi.abilita", "pk": 22, "fields": {"nome": "Addestramento Fisico I", "descrizione": "Il personaggio possiede un punto vita addizionale in ogni locazione.", "caratteristica": 6}}, {"model": "personaggi.abilita", "pk": 23, "fields": {"nome": "Addestramento Fisico II", "descrizione": "Il personaggio possiede un punto vita addizionale in ogni locazione.", "caratteristica": 6}}, {"model": "personaggi.abilita", "pk": 24, "fields": {"nome": "Aura Marziale: Armi a Distanza I", "descrizione": "Permette di creare o utilizzare proiettili (abilità attivate) di livello 1 con armi a distanza.", "caratteristica": 8}}, {"model": "personaggi.abilita", "pk": 25, "fields": {"nome": "Aura Marziale: Armi a Distanza II", "descrizione": "Permette di creare o utilizzare proiettili (abilità attivate) di livello 2 con armi a distanza.", "caratteristica": 8}}, {"model": "personaggi.abilita", "pk": 26, "fields": {"nome": "Deflessione I", "descrizione": "Consumando un chakra il personaggio può sottrarsi ad un colpo di rango pari o inferiore portato con un’arma a distanza o con un dardo. \r\n“Deflessione rango N! no!”", "caratteristica": 8}}, {"model": "personaggi.abilita", "pk": 27, "fields": {"nome": "Deflessione II", "descrizione": "Consumando un chakra per rango dell’attacco, il personaggio può sottrarsi ad un colpo di qualunque rango portato con un’arma a distanza o con un dardo. \r\n“Deflessione rango N! no!”", "caratteristica": 8}}, {"model": "personaggi.abilita", "pk": 28, "fields": {"nome": "Colpo Critico I", "descrizione": "Consumando un chakra l’arma riceve il potenziamento “Doppio” per un colpo.", "caratteristica": 8}}, {"model": "personaggi.abilita", "pk": 29, "fields": {"nome": "Colpo Critico II", "descrizione": "Consumando un chakra l’arma riceve il potenziamento “Triplo” per un colpo.", "caratteristica": 8}}, {"model": "personaggi.abilita", "pk": 30, "fields": {"nome": "Aura Marziale - Armi in Mischia I", "descrizione": "Permette di creare o utilizzare manovre di livello 1 di aura Marziale con armi in mischia", "caratteristica": 9}}, {"model": "personaggi.abilita", "pk": 31, "fields": {"nome": "Aura Marziale - Armi in Mischia II", "descrizione": "Permette di creare o utilizzare manovre di livello 2 di aura Marziale con armi in mischia", "caratteristica": 9}}, {"model": "personaggi.abilita", "pk": 32, "fields": {"nome": "Concentrazione I", "descrizione": "Il personaggio può rimanere concentrato anche nel combattimento in mischia e può muoversi e difendersi durante una fase di concentrazione", "caratteristica": 9}}, {"model": "personaggi.abilita", "pk": 33, "fields": {"nome": "Concentrazione II", "descrizione": "Il personaggio può eseguire qualunque azione mentre si concentra, ad eccezione di usare abilità attivate e conversare", "caratteristica": 9}}, {"model": "personaggi.abilita", "pk": 34, "fields": {"nome": "Rigenerazione I", "descrizione": "Il personaggio recupera automaticamente 1 punto vita ogni 5 minuti in cui non è impegnato in combattimento e non usa abilità attivate", "caratteristica": 9}}, {"model": "personaggi.abilita", "pk": 35, "fields": {"nome": "Rigenerazione II", "descrizione": "Il personaggio recupera automaticamente 1 chakra ogni 10 minuti in cui non è impegnato in combattimento e non usa abilità attivate", "caratteristica": 9}}, {"model": "personaggi.abilita", "pk": 36, "fields": {"nome": "Aura Sacra II", "descrizione": "Permette di creare o utilizzare preghiere di livello 2 di aura sacra.", "caratteristica": 10}}, {"model": "personaggi.abilita", "pk": 37, "fields": {"nome": "Aura Sacra I", "descrizione": "Permette di creare o utilizzare preghiere di livello 1 di aura sacra e decide il culto principale da seguire.", "caratteristica": 10}}, {"model": "personaggi.abilita", "pk": 38, "fields": {"nome": "Primo Soccorso I", "descrizione": "Il personaggio, fintanto che è a contatto con un personaggio, è in grado di tenerlo stabilizzato.\r\n“Primo soccorso: Stabilizzato!”", "caratteristica": 10}}, {"model": "personaggi.abilita", "pk": 39, "fields": {"nome": "Primo Soccorso II", "descrizione": "Il personaggio, consumando un chakra e toccando qualcuno per dieci secondi, gli cura un punto ferita in ogni locazione.\r\n“Primo soccorso: Cura 1!”", "caratteristica": 10}}, {"model": "personaggi.abilita", "pk": 40, "fields": {"nome": "Premonizione I", "descrizione": "Il personaggio riceve il foglio “Informazioni riservate” prima dell’evento.", "caratteristica": 10}}, {"model": "personaggi.abilita", "pk": 41, "fields": {"nome": "Premonizione II", "descrizione": "Dopo aver letto il foglio “Informazioni riservate” il personaggio può porre ad un master una domanda inerente ad esso, che otterrà una risposta “Sì” o “No”.", "caratteristica": 10}}, {"model": "personaggi.abilita", "pk": 42, "fields": {"nome": "Aura Psionica I", "descrizione": "<p><span id=\"docs-internal-guid-2158effe-7fff-7f29-43a2-0a12fb25907d\"><span style=\"font-size: 11pt; font-family: Arial, sans-serif; color: rgb(0, 0, 0); background-color: transparent; font-variant-numeric: normal; font-variant-east-asian: normal; font-variant-alternates: normal; font-variant-position: normal; vertical-align: baseline; white-space-collapse: preserve;\">Permette di creare o utilizzare poteri di livello 1 di aura psionica e decide la via principale psionica a con cui sintonizzarsi.</span></span></p>", "caratteristica": 12}}, {"model": "personaggi.abilita", "pk": 43, "fields": {"nome": "Aura Psionica II", "descrizione": "<p><span id=\"docs-internal-guid-2158effe-7fff-7f29-43a2-0a12fb25907d\"><span style=\"font-size: 11pt; font-family: Arial, sans-serif; color: rgb(0, 0, 0); background-color: transparent; font-variant-numeric: normal; font-variant-east-asian: normal; font-variant-alternates: normal; font-variant-position: normal; vertical-align: baseline; white-space-collapse: preserve;\">Permette di creare o utilizzare poteri di livello 2 di aura psionica.</span></span></p>", "caratteristica": 12}}, {"model": "personaggi.abilita", "pk": 44, "fields": {"nome": "Guscio Fantasma I", "descrizione": "<p>Fintanto che il personaggio ha un chakra carico, egli è protetto da un guscio invisibile da un punto. <br>Il guscio&nbsp; si rigenera fuori dal combattimento, consumando 1 chakra e recitando la formula: <font color=\"#0000ff\"><b><i>Guscio fantasma! Effetto: riparo il mio guscio!</i></b></font>&nbsp;oppure automaticamente dopo 5 minuti di attesa non impegnato in un combattimento.</p>", "caratteristica": 12}}, {"model": "personaggi.abilita", "pk": 45, "fields": {"nome": "Guscio Fantasma II", "descrizione": "<p><span id=\"docs-internal-guid-63ae9fce-7fff-42f6-d3a3-ec40b1bac4d7\"><span style=\"font-size: 11pt; font-family: Arial, sans-serif; color: rgb(0, 0, 0); background-color: transparent; font-variant-numeric: normal; font-variant-east-asian: normal; font-variant-alternates: normal; font-variant-position: normal; vertical-align: baseline; white-space-collapse: preserve;\">Il guscio fantasma riceve 2 punti addizionali.</span></span></p>", "caratteristica": 12}}, {"model": "personaggi.abilita", "pk": 46, "fields": {"nome": "Barriera I", "descrizione": "<p>Consumando un chakra, può annullare un effetto ad area di rango pari o inferiore per se stesso e fino a due persone toccate.<br><font color=\"#0000ff\"><b><i>Barriera rango N: no!</i></b></font></p>", "caratteristica": 12}}, {"model": "personaggi.abilita", "pk": 47, "fields": {"nome": "Barriera II", "descrizione": "<p>Consumando un chakra per rango, può annullare un effetto ad area di qualunque rango per se stesso e fino a due persone toccate.<br><font color=\"#0000ff\"><b><i>Barriera rango N: no!</i></b></font></p>", "caratteristica": 12}}, {"model": "personaggi.abilita", "pk": 48, "fields": {"nome": "Dispersione I", "descrizione": "<p>Consumando un chakra il personaggio può sottrarsi ad un’abilità di aura attivata di pari rango.<br><font color=\"#0000ff\"><b><i>Dispersione rango N! no effetto!</i></b></font></p>", "caratteristica": 13}}, {"model": "personaggi.abilita", "pk": 49, "fields": {"nome": "Dispersione II", "descrizione": "<p>Consumando un chakra per rango dell’abilità, il personaggio può sottrarsi ad un’abilità di aura attivata di qualunque rango.<br><font color=\"#0000ff\"><b><i>Dispersione rango N! no effetto!</i></b></font></p>", "caratteristica": 13}}, {"model": "personaggi.abilita", "pk": 50, "fields": {"nome": "Uso pergamene I", "descrizione": "<p>Permette di utilizzare una pergamena di livello pari o inferiore al punteggio della propria aura soprannaturale più elevata (magica, sacra, psionica o arcana).</p>", "caratteristica": 13}}, {"model": "personaggi.abilita", "pk": 51, "fields": {"nome": "Uso pergamene II", "descrizione": "<p>Permette di scrivere una pergamena contenente un'abilità di aura soprannaturale (sacra, magica, psionica, arcana), posto che il personaggio o un altro personaggio presente possa lanciare l’abilità attivata che si intende scrivere. <br>La pergamena costa 20 crediti per livello dell'aura scritta.</p>", "caratteristica": 13}}, {"model": "personaggi.abilita", "pk": 52, "fields": {"nome": "Aura Magica I", "descrizione": "<p>Permette di creare o utilizzare incantesimi di livello 1 di aura magica.</p>", "caratteristica": 11}}, {"model": "personaggi.abilita", "pk": 53, "fields": {"nome": "Aura Magica II", "descrizione": "<p>Permette di creare o utilizzare incantesimi di livello 2 di aura magica.</p>", "caratteristica": 11}}, {"model": "personaggi.abilita", "pk": 54, "fields": {"nome": "Chakra I", "descrizione": "<p>Il personaggio apre un chakra addizionale.</p>", "caratteristica": 11}}, {"model": "personaggi.abilita", "pk": 55, "fields": {"nome": "Chakra II", "descrizione": "<p>Il personaggio apre un chakra addizionale.</p>", "caratteristica": 11}}, {"model": "personaggi.abilita", "pk": 56, "fields": {"nome": "Alchimia I", "descrizione": "<p>Permette di sintetizzare una pozione di livello 1.</p>", "caratteristica": 11}}, {"model": "personaggi.abilita", "pk": 57, "fields": {"nome": "Alchimia II", "descrizione": "<p>Permette di sintetizzare una pozione di livello 2.</p>", "caratteristica": 11}}, {"model": "personaggi.abilita", "pk": 58, "fields": {"nome": "Aura Tecnologica I", "descrizione": "<p>Il personaggio può creare MOD di aura tecnologica di livello 1 e usare tutte le MOD.</p>", "caratteristica": 14}}, {"model": "personaggi.abilita", "pk": 59, "fields": {"nome": "Aura Tecnologica II", "descrizione": "<p>Il personaggio può creare MOD di aura tecnologica di livello 2.</p>", "caratteristica": 14}}, {"model": "personaggi.abilita", "pk": 60, "fields": {"nome": "Riparazione I", "descrizione": "<p>Con 30 secondi di lavoro simulato, ripara un’Armatura o un oggetto non cartellinato.<br><i style=\"\"><font color=\"#0000ff\" style=\"\"><b>Riparazione: riparo quest* [</b>nome oggetto<b>]!</b></font></i></p>", "caratteristica": 14}}, {"model": "personaggi.abilita", "pk": 61, "fields": {"nome": "Riparazione II", "descrizione": "<p>Consumando 3 chakra e con 5 minuti di lavoro, ripara un oggetto cartellinato distrutto (che <b>NON </b>sia stato sacrificato) entro 10 minuti dalla sua distruzione.&nbsp;<br><b><i><font color=\"#0000ff\">Riparazione: Effetto: Ricostruisco quest’oggetto!</font></i></b></p>", "caratteristica": 14}}, {"model": "personaggi.abilita", "pk": 62, "fields": {"nome": "Aura Straordinaria I", "descrizione": "<p>Il personaggio può imparare un’abilità attivata, ignorandone i prerequisiti (compresi quelli di aura e di mattoni), purché il livello di almeno un’aura soprannaturale (magica, sacra, psionica, arcana) sia di grado pari o superiore al livello. Essa è detta <b>abilità straordinaria</b>. <br>Consumando un chakra addizionale ai costi e tempi di cast ordinari, può lanciare un’abilità straordinaria.</p>", "caratteristica": 14}}, {"model": "personaggi.abilita", "pk": 63, "fields": {"nome": "Aura Straordinaria II", "descrizione": "<p>Il personaggio può apprendere un'abilità straordinaria aggiuntiva. <br>Egli potrà lanciare liberamente le abilità straordinarie che conosce, rispettandone le regole di cast.</p>", "caratteristica": 14}}, {"model": "personaggi.spell", "pk": 1, "fields": {"nome": "wee", "descrizione": "kmlmkmkl c"}}, {"model": "personaggi.mattone", "pk": 1, "fields": {"nome": "Fuoco", "descrizione": "Calore, fiamme, temperatura", "elemento": 1, "aura": 4}}, {"model": "personaggi.abilita_tier", "pk": 3, "fields": {"abilita": 4, "tabella": 31, "costo": 1, "ordine": 20}}, {"model": "personaggi.abilita_tier", "pk": 4, "fields": {"abilita": 5, "tabella": 31, "costo": 1, "ordine": 10}}, {"model": "personaggi.abilita_tier", "pk": 5, "fields": {"abilita": 6, "tabella": 32, "costo": 1, "ordine": 10}}, {"model": "personaggi.abilita_tier", "pk": 6, "fields": {"abilita": 7, "tabella": 32, "costo": 1, "ordine": 20}}, {"model": "personaggi.abilita_tier", "pk": 7, "fields": {"abilita": 8, "tabella": 32, "costo": 1, "ordine": 30}}, {"model": "personaggi.abilita_tier", "pk": 8, "fields": {"abilita": 9, "tabella": 32, "costo": 1, "ordine": 40}}, {"model": "personaggi.abilita_tier", "pk": 9, "fields": {"abilita": 10, "tabella": 32, "costo": 1, "ordine": 50}}, {"model": "personaggi.abilita_tier", "pk": 10, "fields": {"abilita": 11, "tabella": 32, "costo": 1, "ordine": 60}}, {"model": "personaggi.abilita_tier", "pk": 11, "fields": {"abilita": 12, "tabella": 33, "costo": 1, "ordine": 10}}, {"model": "personaggi.abilita_tier", "pk": 12, "fields": {"abilita": 13, "tabella": 33, "costo": 1, "ordine": 20}}, {"model": "personaggi.abilita_tier", "pk": 13, "fields": {"abilita": 14, "tabella": 33, "costo": 1, "ordine": 30}}, {"model": "personaggi.abilita_tier", "pk": 14, "fields": {"abilita": 15, "tabella": 33, "costo": 1, "ordine": 30}}, {"model": "personaggi.abilita_tier", "pk": 15, "fields": {"abilita": 16, "tabella": 33, "costo": 1, "ordine": 50}}, {"model": "personaggi.abilita_tier", "pk": 16, "fields": {"abilita": 17, "tabella": 33, "costo": 1, "ordine": 60}}, {"model": "personaggi.abilita_tier", "pk": 17, "fields": {"abilita": 18, "tabella": 34, "costo": 1, "ordine": 10}}, {"model": "personaggi.abilita_tier", "pk": 18, "fields": {"abilita": 19, "tabella": 34, "costo": 1, "ordine": 10}}, {"model": "personaggi.abilita_tier", "pk": 19, "fields": {"abilita": 20, "tabella": 34, "costo": 1, "ordine": 30}}, {"model": "personaggi.abilita_tier", "pk": 20, "fields": {"abilita": 21, "tabella": 34, "costo": 1, "ordine": 40}}, {"model": "personaggi.abilita_tier", "pk": 21, "fields": {"abilita": 22, "tabella": 34, "costo": 1, "ordine": 50}}, {"model": "personaggi.abilita_tier", "pk": 22, "fields": {"abilita": 23, "tabella": 34, "costo": 1, "ordine": 60}}, {"model": "personaggi.abilita_tier", "pk": 23, "fields": {"abilita": 24, "tabella": 35, "costo": 1, "ordine": 10}}, {"model": "personaggi.abilita_tier", "pk": 24, "fields": {"abilita": 25, "tabella": 35, "costo": 1, "ordine": 20}}, {"model": "personaggi.abilita_tier", "pk": 25, "fields": {"abilita": 26, "tabella": 35, "costo": 1, "ordine": 30}}, {"model": "personaggi.abilita_tier", "pk": 26, "fields": {"abilita": 27, "tabella": 35, "costo": 1, "ordine": 40}}, {"model": "personaggi.abilita_tier", "pk": 27, "fields": {"abilita": 28, "tabella": 35, "costo": 1, "ordine": 50}}, {"model": "personaggi.abilita_tier", "pk": 28, "fields": {"abilita": 29, "tabella": 35, "costo": 1, "ordine": 60}}, {"model": "personaggi.abilita_tier", "pk": 29, "fields": {"abilita": 30, "tabella": 36, "costo": 1, "ordine": 10}}, {"model": "personaggi.abilita_tier", "pk": 30, "fields": {"abilita": 31, "tabella": 36, "costo": 1, "ordine": 20}}, {"model": "personaggi.abilita_tier", "pk": 31, "fields": {"abilita": 32, "tabella": 36, "costo": 1, "ordine": 30}}, {"model": "personaggi.abilita_tier", "pk": 32, "fields": {"abilita": 33, "tabella": 36, "costo": 1, "ordine": 40}}, {"model": "personaggi.abilita_tier", "pk": 33, "fields": {"abilita": 34, "tabella": 36, "costo": 1, "ordine": 50}}, {"model": "personaggi.abilita_tier", "pk": 34, "fields": {"abilita": 35, "tabella": 36, "costo": 1, "ordine": 60}}, {"model": "personaggi.abilita_tier", "pk": 35, "fields": {"abilita": 36, "tabella": 37, "costo": 1, "ordine": 20}}, {"model": "personaggi.abilita_tier", "pk": 36, "fields": {"abilita": 37, "tabella": 37, "costo": 1, "ordine": 10}}, {"model": "personaggi.abilita_tier", "pk": 37, "fields": {"abilita": 38, "tabella": 37, "costo": 1, "ordine": 30}}, {"model": "personaggi.abilita_tier", "pk": 38, "fields": {"abilita": 39, "tabella": 37, "costo": 1, "ordine": 40}}, {"model": "personaggi.abilita_tier", "pk": 39, "fields": {"abilita": 40, "tabella": 37, "costo": 1, "ordine": 50}}, {"model": "personaggi.abilita_tier", "pk": 40, "fields": {"abilita": 41, "tabella": 37, "costo": 1, "ordine": 60}}, {"model": "personaggi.abilita_tier", "pk": 41, "fields": {"abilita": 42, "tabella": 38, "costo": 1, "ordine": 10}}, {"model": "personaggi.abilita_tier", "pk": 42, "fields": {"abilita": 43, "tabella": 38, "costo": 1, "ordine": 20}}, {"model": "personaggi.abilita_tier", "pk": 43, "fields": {"abilita": 44, "tabella": 38, "costo": 10, "ordine": 30}}, {"model": "personaggi.abilita_tier", "pk": 44, "fields": {"abilita": 45, "tabella": 38, "costo": 10, "ordine": 40}}, {"model": "personaggi.abilita_tier", "pk": 45, "fields": {"abilita": 46, "tabella": 38, "costo": 10, "ordine": 50}}, {"model": "personaggi.abilita_tier", "pk": 46, "fields": {"abilita": 47, "tabella": 38, "costo": 10, "ordine": 60}}, {"model": "personaggi.abilita_tier", "pk": 47, "fields": {"abilita": 48, "tabella": 31, "costo": 10, "ordine": 30}}, {"model": "personaggi.abilita_tier", "pk": 48, "fields": {"abilita": 49, "tabella": 31, "costo": 10, "ordine": 40}}, {"model": "personaggi.abilita_tier", "pk": 49, "fields": {"abilita": 50, "tabella": 31, "costo": 1, "ordine": 50}}, {"model": "personaggi.abilita_tier", "pk": 50, "fields": {"abilita": 51, "tabella": 31, "costo": 1, "ordine": 60}}, {"model": "personaggi.abilita_tier", "pk": 51, "fields": {"abilita": 52, "tabella": 39, "costo": 1, "ordine": 10}}, {"model": "personaggi.abilita_tier", "pk": 52, "fields": {"abilita": 53, "tabella": 39, "costo": 1, "ordine": 20}}, {"model": "personaggi.abilita_tier", "pk": 53, "fields": {"abilita": 54, "tabella": 39, "costo": 1, "ordine": 30}}, {"model": "personaggi.abilita_tier", "pk": 54, "fields": {"abilita": 55, "tabella": 39, "costo": 1, "ordine": 40}}, {"model": "personaggi.abilita_tier", "pk": 55, "fields": {"abilita": 56, "tabella": 39, "costo": 1, "ordine": 50}}, {"model": "personaggi.abilita_tier", "pk": 56, "fields": {"abilita": 57, "tabella": 39, "costo": 1, "ordine": 60}}, {"model": "personaggi.abilita_tier", "pk": 57, "fields": {"abilita": 58, "tabella": 40, "costo": 1, "ordine": 10}}, {"model": "personaggi.abilita_tier", "pk": 58, "fields": {"abilita": 59, "tabella": 40, "costo": 1, "ordine": 20}}, {"model": "personaggi.abilita_tier", "pk": 59, "fields": {"abilita": 60, "tabella": 40, "costo": 1, "ordine": 30}}, {"model": "personaggi.abilita_tier", "pk": 60, "fields": {"abilita": 61, "tabella": 40, "costo": 1, "ordine": 40}}, {"model": "personaggi.abilita_tier", "pk": 61, "fields": {"abilita": 62, "tabella": 40, "costo": 1, "ordine": 50}}, {"model": "personaggi.abilita_tier", "pk": 62, "fields": {"abilita": 63, "tabella": 40, "costo": 1, "ordine": 60}}, {"model": "personaggi.abilita_prerequisito", "pk": 4, "fields": {"abilita": 4, "prerequisito": 5}}, {"model": "personaggi.abilita_prerequisito", "pk": 5, "fields": {"abilita": 7, "prerequisito": 6}}, {"model": "personaggi.abilita_prerequisito", "pk": 6, "fields": {"abilita": 9, "prerequisito": 8}}, {"model": "personaggi.abilita_prerequisito", "pk": 7, "fields": {"abilita": 11, "prerequisito": 10}}, {"model": "personaggi.abilita_prerequisito", "pk": 8, "fields": {"abilita": 13, "prerequisito": 12}}, {"model": "personaggi.abilita_prerequisito", "pk": 9, "fields": {"abilita": 15, "prerequisito": 14}}, {"model": "personaggi.abilita_prerequisito", "pk": 10, "fields": {"abilita": 17, "prerequisito": 16}}, {"model": "personaggi.abilita_prerequisito", "pk": 11, "fields": {"abilita": 19, "prerequisito": 18}}, {"model": "personaggi.abilita_prerequisito", "pk": 12, "fields": {"abilita": 21, "prerequisito": 20}}, {"model": "personaggi.abilita_prerequisito", "pk": 13, "fields": {"abilita": 23, "prerequisito": 22}}, {"model": "personaggi.abilita_prerequisito", "pk": 14, "fields": {"abilita": 25, "prerequisito": 24}}, {"model": "personaggi.abilita_prerequisito", "pk": 15, "fields": {"abilita": 27, "prerequisito": 26}}, {"model": "personaggi.abilita_prerequisito", "pk": 16, "fields": {"abilita": 29, "prerequisito": 28}}, {"model": "personaggi.abilita_prerequisito", "pk": 17, "fields": {"abilita": 31, "prerequisito": 30}}, {"model": "personaggi.abilita_prerequisito", "pk": 18, "fields": {"abilita": 33, "prerequisito": 32}}, {"model": "personaggi.abilita_prerequisito", "pk": 19, "fields": {"abilita": 35, "prerequisito": 34}}, {"model": "personaggi.abilita_prerequisito", "pk": 22, "fields": {"abilita": 36, "prerequisito": 37}}, {"model": "personaggi.abilita_prerequisito", "pk": 23, "fields": {"abilita": 39, "prerequisito": 38}}, {"model": "personaggi.abilita_prerequisito", "pk": 24, "fields": {"abilita": 41, "prerequisito": 40}}, {"model": "personaggi.abilita_prerequisito", "pk": 25, "fields": {"abilita": 43, "prerequisito": 42}}, {"model": "personaggi.abilita_prerequisito", "pk": 26, "fields": {"abilita": 45, "prerequisito": 44}}, {"model": "personaggi.abilita_prerequisito", "pk": 27, "fields": {"abilita": 47, "prerequisito": 46}}, {"model": "personaggi.abilita_prerequisito", "pk": 28, "fields": {"abilita": 49, "prerequisito": 48}}, {"model": "personaggi.abilita_prerequisito", "pk": 29, "fields": {"abilita": 51, "prerequisito": 50}}, {"model": "personaggi.abilita_prerequisito", "pk": 30, "fields": {"abilita": 53, "prerequisito": 52}}, {"model": "personaggi.abilita_prerequisito", "pk": 31, "fields": {"abilita": 55, "prerequisito": 54}}, {"model": "personaggi.abilita_prerequisito", "pk": 32, "fields": {"abilita": 57, "prerequisito": 56}}, {"model": "personaggi.abilita_prerequisito", "pk": 33, "fields": {"abilita": 59, "prerequisito": 58}}, {"model": "personaggi.abilita_prerequisito", "pk": 34, "fields": {"abilita": 61, "prerequisito": 60}}, {"model": "personaggi.abilita_prerequisito", "pk": 35, "fields": {"abilita": 63, "prerequisito": 62}}, {"model": "personaggi.abilita_requisito", "pk": 1, "fields": {"abilita": 1, "requisito": 2, "valore": 1}}, {"model": "personaggi.abilita_punteggio", "pk": 1, "fields": {"abilita": 1, "punteggio": 1, "valore": 1}}, {"model": "personaggi.abilita_punteggio", "pk": 4, "fields": {"abilita": 4, "punteggio": 13, "valore": 1}}, {"model": "personaggi.abilita_punteggio", "pk": 5, "fields": {"abilita": 5, "punteggio": 13, "valore": 1}}, {"model": "personaggi.abilita_punteggio", "pk": 6, "fields": {"abilita": 6, "punteggio": 2, "valore": 1}}, {"model": "personaggi.abilita_punteggio", "pk": 7, "fields": {"abilita": 7, "punteggio": 2, "valore": 1}}, {"model": "personaggi.abilita_punteggio", "pk": 8, "fields": {"abilita": 8, "punteggio": 2, "valore": 1}}, {"model": "personaggi.abilita_punteggio", "pk": 9, "fields": {"abilita": 9, "punteggio": 2, "valore": 1}}, {"model": "personaggi.abilita_punteggio", "pk": 10, "fields": {"abilita": 10, "punteggio": 2, "valore": 1}}, {"model": "personaggi.abilita_punteggio", "pk": 11, "fields": {"abilita": 11, "punteggio": 2, "valore": 1}}, {"model": "personaggi.abilita_punteggio", "pk": 12, "fields": {"abilita": 12, "punteggio": 7, "valore": 1}}, {"model": "personaggi.abilita_punteggio", "pk": 13, "fields": {"abilita": 13, "punteggio": 7, "valore": 1}}, {"model": "personaggi.abilita_punteggio", "pk": 14, "fields": {"abilita": 14, "punteggio": 7, "valore": 1}}, {"model": "personaggi.abilita_punteggio", "pk": 15, "fields": {"abilita": 15, "punteggio": 7, "valore": 1}}, {"model": "personaggi.abilita_punteggio", "pk": 16, "fields": {"abilita": 16, "punteggio": 7, "valore": 1}}, {"model": "personaggi.abilita_punteggio", "pk": 17, "fields": {"abilita": 17, "punteggio": 7, "valore": 1}}, {"model": "personaggi.abilita_punteggio", "pk": 18, "fields": {"abilita": 18, "punteggio": 6, "valore": 1}}, {"model": "personaggi.abilita_punteggio", "pk": 19, "fields": {"abilita": 19, "punteggio": 6, "valore": 1}}, {"model": "personaggi.abilita_punteggio", "pk": 20, "fields": {"abilita": 20, "punteggio": 6, "valore": 1}}, {"model": "personaggi.abilita_punteggio", "pk": 21, "fields": {"abilita": 21, "punteggio": 6, "valore": 1}}, {"model": "personaggi.abilita_punteggio", "pk": 22, "fields": {"abilita": 22, "punteggio": 6, "valore": 1}}, {"model": "personaggi.abilita_punteggio", "pk": 23, "fields": {"abilita": 22, "punteggio": 3, "valore": 1}}, {"model": "personaggi.abilita_punteggio", "pk": 24, "fields": {"abilita": 23, "punteggio": 6, "valore": 1}}, {"model": "personaggi.abilita_punteggio", "pk": 25, "fields": {"abilita": 23, "punteggio": 3, "valore": 1}}, {"model": "personaggi.abilita_punteggio", "pk": 26, "fields": {"abilita": 24, "punteggio": 8, "valore": 1}}, {"model": "personaggi.abilita_punteggio", "pk": 27, "fields": {"abilita": 25, "punteggio": 8, "valore": 1}}, {"model": "personaggi.abilita_punteggio", "pk": 28, "fields": {"abilita": 26, "punteggio": 8, "valore": 1}}, {"model": "personaggi.abilita_punteggio", "pk": 29, "fields": {"abilita": 27, "punteggio": 8, "valore": 1}}, {"model": "personaggi.abilita_punteggio", "pk": 30, "fields": {"abilita": 28, "punteggio": 8, "valore": 1}}, {"model": "personaggi.abilita_punteggio", "pk": 31, "fields": {"abilita": 29, "punteggio": 8, "valore": 1}}, {"model": "personaggi.abilita_punteggio", "pk": 32, "fields": {"abilita": 30, "punteggio": 9, "valore": 1}}, {"model": "personaggi.abilita_punteggio", "pk": 33, "fields": {"abilita": 31, "punteggio": 9, "valore": 1}}, {"model": "personaggi.abilita_punteggio", "pk": 34, "fields": {"abilita": 32, "punteggio": 9, "valore": 1}}, {"model": "personaggi.abilita_punteggio", "pk": 35, "fields": {"abilita": 33, "punteggio": 9, "valore": 1}}, {"model": "personaggi.abilita_punteggio", "pk": 36, "fields": {"abilita": 34, "punteggio": 9, "valore": 1}}, {"model": "personaggi.abilita_punteggio", "pk": 37, "fields": {"abilita": 35, "punteggio": 9, "valore": 1}}, {"model": "personaggi.abilita_punteggio", "pk": 38, "fields": {"abilita": 36, "punteggio": 10, "valore": 1}}, {"model": "personaggi.abilita_punteggio", "pk": 39, "fields": {"abilita": 37, "punteggio": 10, "valore": 1}}, {"model": "personaggi.abilita_punteggio", "pk": 40, "fields": {"abilita": 38, "punteggio": 10, "valore": 1}}, {"model": "personaggi.abilita_punteggio", "pk": 41, "fields": {"abilita": 39, "punteggio": 10, "valore": 1}}, {"model": "personaggi.abilita_punteggio", "pk": 42, "fields": {"abilita": 40, "punteggio": 10, "valore": 1}}, {"model": "personaggi.abilita_punteggio", "pk": 43, "fields": {"abilita": 41, "punteggio": 10, "valore": 1}}, {"model": "personaggi.abilita_punteggio", "pk": 44, "fields": {"abilita": 42, "punteggio": 12, "valore": 1}}, {"model": "personaggi.abilita_punteggio", "pk": 45, "fields": {"abilita": 43, "punteggio": 12, "valore": 1}}, {"model": "personaggi.abilita_punteggio", "pk": 46, "fields": {"abilita": 45, "punteggio": 12, "valore": 1}}, {"model": "personaggi.abilita_punteggio", "pk": 47, "fields": {"abilita": 44, "punteggio": 12, "valore": 1}}, {"model": "personaggi.abilita_punteggio", "pk": 48, "fields": {"abilita": 46, "punteggio": 12, "valore": 1}}, {"model": "personaggi.abilita_punteggio", "pk": 49, "fields": {"abilita": 47, "punteggio": 12, "valore": 1}}, {"model": "personaggi.abilita_punteggio", "pk": 50, "fields": {"abilita": 48, "punteggio": 13, "valore": 1}}, {"model": "personaggi.abilita_punteggio", "pk": 51, "fields": {"abilita": 49, "punteggio": 13, "valore": 1}}, {"model": "personaggi.abilita_punteggio", "pk": 52, "fields": {"abilita": 50, "punteggio": 13, "valore": 1}}, {"model": "personaggi.abilita_punteggio", "pk": 53, "fields": {"abilita": 51, "punteggio": 13, "valore": 1}}, {"model": "personaggi.abilita_punteggio", "pk": 54, "fields": {"abilita": 52, "punteggio": 11, "valore": 1}}, {"model": "personaggi.abilita_punteggio", "pk": 55, "fields": {"abilita": 53, "punteggio": 11, "valore": 1}}, {"model": "personaggi.abilita_punteggio", "pk": 56, "fields": {"abilita": 54, "punteggio": 11, "valore": 1}}, {"model": "personaggi.abilita_punteggio", "pk": 57, "fields": {"abilita": 55, "punteggio": 11, "valore": 1}}, {"model": "personaggi.abilita_punteggio", "pk": 58, "fields": {"abilita": 56, "punteggio": 11, "valore": 1}}, {"model": "personaggi.abilita_punteggio", "pk": 59, "fields": {"abilita": 57, "punteggio": 11, "valore": 1}}, {"model": "personaggi.abilita_punteggio", "pk": 60, "fields": {"abilita": 58, "punteggio": 14, "valore": 1}}, {"model": "personaggi.abilita_punteggio", "pk": 61, "fields": {"abilita": 59, "punteggio": 14, "valore": 1}}, {"model": "personaggi.abilita_punteggio", "pk": 62, "fields": {"abilita": 60, "punteggio": 14, "valore": 1}}, {"model": "personaggi.abilita_punteggio", "pk": 63, "fields": {"abilita": 61, "punteggio": 14, "valore": 1}}, {"model": "personaggi.abilita_punteggio", "pk": 64, "fields": {"abilita": 62, "punteggio": 14, "valore": 1}}, {"model": "personaggi.abilita_punteggio", "pk": 65, "fields": {"abilita": 63, "punteggio": 14, "valore": 1}}, {"model": "personaggi.spell_mattone", "pk": 1, "fields": {"spell": 1, "mattone": 1, "valore": 2}}]